{
  "analysis_date": "2025-06-17T00:13:19.194069",
  "data_count": 10,
  "analysis_results": {
    "frequency": {
      "number_frequency": {
        "3": 2,
        "12": 2,
        "18": 2,
        "25": 2,
        "31": 2,
        "42": 2,
        "5": 1,
        "14": 1,
        "22": 2,
        "28": 2,
        "35": 2,
        "41": 1,
        "1": 2,
        "9": 1,
        "16": 1,
        "24": 1,
        "33": 2,
        "43": 2,
        "7": 1,
        "15": 2,
        "21": 1,
        "29": 1,
        "36": 1,
        "40": 2,
        "4": 1,
        "11": 2,
        "19": 2,
        "26": 2,
        "32": 1,
        "39": 1,
        "6": 1,
        "13": 1,
        "20": 1,
        "27": 1,
        "34": 1,
        "38": 1,
        "2": 1,
        "10": 1,
        "17": 1,
        "23": 1,
        "30": 1,
        "37": 1,
        "8": 1
      },
      "bonus_frequency": {
        "7": 1,
        "19": 1,
        "11": 1,
        "2": 1,
        "8": 1,
        "17": 1,
        "14": 1,
        "5": 1,
        "9": 1,
        "16": 1
      },
      "most_common": [
        [
          3,
          2
        ],
        [
          12,
          2
        ],
        [
          18,
          2
        ],
        [
          25,
          2
        ],
        [
          31,
          2
        ],
        [
          42,
          2
        ],
        [
          22,
          2
        ],
        [
          28,
          2
        ],
        [
          35,
          2
        ],
        [
          1,
          2
        ]
      ],
      "least_common": [
        [
          27,
          1
        ],
        [
          34,
          1
        ],
        [
          38,
          1
        ],
        [
          2,
          1
        ],
        [
          10,
          1
        ],
        [
          17,
          1
        ],
        [
          23,
          1
        ],
        [
          30,
          1
        ],
        [
          37,
          1
        ],
        [
          8,
          1
        ]
      ],
      "average_frequency": 1.3953488372093024
    },
    "patterns": {
      "consecutive_avg": 0,
      "consecutive_patterns": [
        0,
        0,
        0,
        0,
        0,
        0,
        0,
        0,
        0,
        0
      ],
      "odd_even_distribution": {
        "avg_odd": 3.2,
        "avg_even": 2.8
      },
      "sum_stats": {
        "avg": 135,
        "min": 119,
        "max": 148,
        "median": 134.5
      }
    }
  },
  "predictions": {
    "high_frequency": [
      